N,P,K,temperature,humidity,ph,rainfall,label
0.6411392666337823,-0.2888327999572384,0.6509931616845327,-1.588985229950355,0.15259867856717704,0.41861075463967995,0.8077120853379935,rice
0.46642287611879907,0.43733388755310354,0.46344111279817934,-1.2586829229424001,-0.01190681443399213,1.3916639161016395,1.2091595381836608,rice
-0.4071590764561169,0.3011776336449144,0.7447691861277095,-0.8010833043965223,0.1836816881503716,2.8502329468253857,1.8405881183283863,rice
0.08204681698583607,-0.6065307257430129,0.3696650883550026,0.49185602849956894,-0.027670393802182336,1.2867497233010612,1.4834790755206637,rice
0.2218199293978226,-0.2888327999572384,0.557217137241356,-1.8669456385056995,0.11371090101701323,2.465212534789327,1.8194849288719626,rice
-0.09266957352914712,-0.5157598898042202,0.557217137241356,-0.7812108430787839,0.28624518206798044,1.4559578184267268,1.6221064831983025,rice
-0.09266957352914712,0.3011776336449144,0.18211303946864918,-0.9107076261727491,0.21482650530847947,-1.0400834356629465,1.9651622798146513,rice
0.7809123790457688,0.21040679770612167,0.3696650883550026,-1.8122231380320986,0.23971806273598414,-1.0076765841222095,1.4684190543421245,rice
0.6061959885307856,0.255792215675518,0.18211303946864918,-0.2406073481185922,0.30238184707671084,0.7502186885812993,1.2733149420767642,rice
-0.12761285163214375,0.43733388755310354,0.18211303946864918,-0.7196813154805888,0.25331761754568316,0.11542346812236677,1.1169833218246417,rice
0.6760825447367789,0.21040679770612167,0.3696650883550026,0.5052572651137142,0.09540091543883378,-1.6122252082083521,1.8515995252253676,rice
0.6411392666337823,-0.10729112807965288,0.557217137241356,-0.43970382293780236,0.09863389622416885,2.2367490136726462,1.6056598960981505,rice
0.2218199293978226,0.43733388755310354,0.7447691861277095,0.6067010460961026,0.04353147703250456,-2.1168094845383556,2.1870685475671037,rice
0.7459691009427721,0.3465630516143108,-0.005439009417704233,-0.42635625612034506,0.1578890861985435,1.2939374661306433,0.5088571962441749,rice
0.7809123790457688,0.07425054379793258,0.08833701502547248,0.1858331320771081,0.021735769812103956,1.227867541216566,0.9202838114279372,rice
-0.4071590764561169,-0.016520292140860152,0.2758890639118259,-0.32730170630404015,-0.013801809835460426,1.399306176826584,1.284148248140407,rice
0.46642287611879907,-0.47037447183482384,0.46344111279817934,-1.3266718050708182,0.22938548546792265,-0.04314740115076257,2.0553760055062202,rice
0.6760825447367789,-0.6065307257430129,0.2758890639118259,-0.5083300380736973,-0.002275997539012766,1.2693999660592883,0.8639967975218606,rice
0.18687665129482597,-0.47037447183482384,-0.005439009417704233,-1.2235319650646652,-0.024353292474402714,-0.579792812257686,1.173609430185559,rice
0.571252710427789,-0.6065307257430129,0.3696650883550026,-0.5878662478487617,0.30750211649804204,-0.7616363313977789,2.3032074438121652,rice
0.6061959885307856,-0.15267654604904926,-0.005439009417704233,-1.4238567413947198,0.003254536679714518,0.30857870812140686,0.5125828433583483,rice
0.15193337319182934,-0.3796036358960311,0.6509931616845327,-0.0026941233144623334,0.2615187351267841,-2.186829528972496,1.2891914162796594,rice
-0.1625561297351404,0.48271930552249986,0.46344111279817934,-1.1929702735661447,0.05203420721267761,-0.47305318875645436,0.9840740335528569,rice
0.3965363199128058,-0.3342182179266347,0.6509931616845327,-1.5249093628964145,0.21863651415373012,-0.03409571180538704,1.31835669580175,rice
0.9206854914577554,-0.061905710110256515,0.08833701502547248,-0.6233257746100911,0.08710402480318086,2.005172045063655,1.1651996734422607,rice
-0.19749940783813702,0.21040679770612167,0.46344111279817934,-0.03303515789443479,0.00805623959532808,2.7387787682503677,1.7227879879269987,rice
0.8857422133547587,0.48271930552249986,0.6509931616845327,0.44297184368860315,0.35211365745151413,0.024951309457731483,1.9657335351107992,rice
0.8857422133547587,0.07425054379793258,0.46344111279817934,-0.23565823489346754,0.010117985553169428,1.4514235899588601,1.7779534335280065,rice
-0.4071590764561169,0.028865125828536214,0.7447691861277095,-1.627544655639567,0.3964588922725161,-0.05080140337130873,1.436378908547562,rice
0.43147959801580243,0.11963596176732895,-0.09921503386088094,-1.0617320199697824,0.019811689067968215,-0.41727825155601544,0.7238276015310607,rice
0.047103538882839434,0.39194846958370716,0.46344111279817934,-1.3788019983694897,0.44005227225616445,-0.8147757601664173,1.9800026337646444,rice
0.7110258228397756,-0.6065307257430129,0.3696650883550026,-1.1070676236825951,-0.010770283997321224,0.15385716552959955,0.7595238807366074,rice
0.46642287611879907,-0.5157598898042202,0.2758890639118259,-0.2361734582667891,0.22435042052092055,0.1661234588887164,1.1756523135785277,rice
0.9206854914577554,0.21040679770612167,0.18211303946864918,-1.8161789576711556,0.11704179730838071,-2.2880576904373626,1.9502157589277151,rice
0.571252710427789,0.255792215675518,0.7447691861277095,0.21163425735614266,0.33634107529108825,-0.22433419845743754,1.3187722852863362,rice
0.8158556571487654,0.3011776336449144,0.557217137241356,0.6046775245513418,0.16680444842861558,-0.5857439703014374,0.6454383424130135,rice
0.9556287695607519,0.39194846958370716,-0.09921503386088094,0.5906611711773507,0.07192403084297812,-0.5680880758828514,1.9816643621142676,rice
0.8158556571487654,-0.42498905386542746,-0.005439009417704233,-0.4826001672093209,0.26497610154096013,-1.2935830676355142,2.20082654711174,rice
-0.4071590764561169,-0.243447381987842,0.7447691861277095,-1.537179488057159,0.2453997688002583,2.079294679348242,2.4234247921053766,rice
-0.3023292421471269,-0.1980619640184456,0.46344111279817934,-0.36776107172052774,0.32129847189638616,-1.253629978510114,1.7233036566317708,rice
-0.33727252025012355,-0.2888327999572384,-0.005439009417704233,-0.8838225994300616,0.15889771462763674,0.2859118936060659,1.582559561515472,rice
-0.2673859640441303,-0.15267654604904926,0.6509931616845327,0.17246444666004274,0.30171788650678516,-1.341808275897479,0.9255849975496206,rice
0.3965363199128058,0.5281047234918963,-0.005439009417704233,0.16031924200237646,-0.028967399914526026,1.1477958073322456,0.7721599853347143,rice
0.36159304180980917,-0.3796036358960311,0.3696650883550026,-0.4947001458018729,0.42733065047093277,-0.0023636934959603167,2.426103428097219,rice
0.46642287611879907,0.16502137973672532,0.8385452105708862,0.4260188887795951,0.18819989742928656,1.7302327548878722,1.8671822522858483,rice
0.6760825447367789,-0.6065307257430129,0.18211303946864918,-0.09917330904303966,0.00824872791393191,-0.25183479414238175,0.4818116522502306,rice
0.15193337319182934,0.028865125828536214,0.557217137241356,-0.07636867015680562,0.39468880413805446,-1.9391661895033,0.706511868892368,rice
0.08204681698583607,-0.42498905386542746,0.18211303946864918,-0.7133174971192378,0.40567323790709875,2.744481601935906,1.3173033854073117,rice
0.25676320750081927,-0.243447381987842,0.2758890639118259,-1.297315212435601,0.02620784992129939,1.4365471859485055,0.9410541109248306,rice
0.571252710427789,0.3011776336449144,0.8385452105708862,-0.1962683309359124,-0.0027206529831976757,2.650499650748059,1.6672147939289037,rice
-0.4071590764561169,-0.5611453077736166,0.6509931616845327,-0.6428293557353626,0.2562375335859676,-1.794001229659848,1.0949077596658807,rice
0.15193337319182934,0.5281047234918963,0.2758890639118259,-1.8983771678539954,-0.009159147778559588,0.8973167364748964,0.9032585933659082,rice
0.7459691009427721,0.3465630516143108,0.557217137241356,-0.48484899213537047,0.17439320118393034,2.0184096439634427,0.675012636279406,rice
-0.23244268594113365,0.5281047234918963,0.6509931616845327,-1.183949305214629,0.14247654730979709,-1.117613671272067,1.221144800362875,rice
0.8158556571487654,0.16502137973672532,-0.005439009417704233,0.39472627494665546,0.3318055534012885,-1.3263843439625573,2.22213453737914,rice
0.11699009508883271,-0.47037447183482384,0.2758890639118259,-0.6370632215549719,0.4253683232537822,-0.10486606453921109,2.1785621591096054,rice
0.08204681698583607,0.255792215675518,0.18211303946864918,0.18200714639933316,0.29602823812466283,1.5410949702586971,1.0521570505294173,rice
0.6760825447367789,-0.5611453077736166,0.8385452105708862,-0.2674648261208942,0.19673608386591385,-0.5857675714895165,1.9084880299182427,rice
-0.022783017323153843,-0.10729112807965288,0.3696650883550026,-1.8113145821316607,0.16440541101731643,1.7528173280184198,0.6218486532262406,rice
0.9556287695607519,0.3011776336449144,-0.09921503386088094,-1.2759747321789006,-0.01978995878859419,0.41626959097351346,2.077502550811936,rice
0.012160260779842794,-0.3796036358960311,0.18211303946864918,-1.7615211924729488,0.17266285982495655,2.399781884031679,1.5221868705229256,rice
0.3965363199128058,0.43733388755310354,0.8385452105708862,0.21899770302930854,0.3007256470495942,-0.7226974241836269,1.5308445532122281,rice
0.7459691009427721,0.43733388755310354,0.18211303946864918,-1.6870799088212038,0.3256672539811649,1.1994646415074657,2.1042863466795163,rice
-0.05772629542615048,-0.5611453077736166,0.557217137241356,-1.232499916275072,0.028090150906792812,1.2245763056235026,0.7983748056265993,rice
0.15193337319182934,-0.061905710110256515,0.557217137241356,-1.884181085741242,0.2785266292025454,-0.9703120992722565,1.8350533226343568,rice
0.9556287695607519,-0.3342182179266347,-0.005439009417704233,-0.2620633224551565,0.22547445983993372,0.8471505900719539,0.4628954086104904,rice
0.9556287695607519,0.255792215675518,0.08833701502547248,-1.4911865526349029,-0.01040307348262272,-1.2328099010457407,0.7355726925371876,rice
0.5013661542217958,0.48271930552249986,-0.09921503386088094,0.23083433509511125,0.16320304124827095,1.2253518371360568,1.4944462267308267,rice
-0.09266957352914712,-0.10729112807965288,0.46344111279817934,-0.5649447057399339,-0.015197251428373021,-2.2923629679238404,1.8261360581454757,rice
0.6760825447367789,0.3465630516143108,0.08833701502547248,-0.6425706297134635,0.012453250824100471,0.164918287195117,1.9343438407808418,rice
-0.3722157983531202,0.16502137973672532,0.46344111279817934,-0.06972486625967327,0.33723467499199944,1.1049635096422177,0.8392701946511368,rice
-0.1625561297351404,-0.15267654604904926,0.18211303946864918,-0.9036350535170943,0.16901344101068022,1.8686600837813334,1.7885160198259926,rice
0.25676320750081927,-0.2888327999572384,0.08833701502547248,-0.10817508338725551,0.23445374277452602,0.5730548200689524,2.376165054855169,rice
0.2218199293978226,-0.243447381987842,0.557217137241356,-1.4243307733010606,0.2503832487544743,1.8383394597972695,0.6280460368922055,rice
0.11699009508883271,0.255792215675518,-0.005439009417704233,0.41901012062347887,0.4034423154966386,1.3659152381170827,1.73104040841769,rice
0.8857422133547587,-0.5611453077736166,0.8385452105708862,-1.0887564368864286,0.13852273716033575,1.2116176077039755,2.0794752638339085,rice
-0.1625561297351404,-0.061905710110256515,0.7447691861277095,0.5807164059342835,0.1314110385634595,2.9016349651960884,2.1188289576296393,rice
0.047103538882839434,-0.6065307257430129,0.18211303946864918,-0.102166090873767,0.15030443166360086,-2.304787626909722,0.5201763213988989,rice
0.18687665129482597,-0.5611453077736166,0.08833701502547248,0.6377217435895292,0.09958405781701399,-0.2484804414187065,0.6662428174073987,rice
0.32664976370681253,-0.3342182179266347,0.18211303946864918,-0.9219721722477755,0.3212971514347304,2.275383236622325,0.7734871583610913,rice
-0.12761285163214375,0.39194846958370716,0.6509931616845327,0.34262870330219947,-0.006027279560747066,-1.0289227940480983,0.468695723193446,rice
0.012160260779842794,-0.15267654604904926,-0.09921503386088094,0.09828944648515744,0.24487282054367876,-0.9351598107518395,0.6794573820306599,rice
-0.3722157983531202,0.21040679770612167,0.6509931616845327,0.45927369678234614,0.060099014250580576,0.13970438278323613,1.1535061105496718,rice
-0.1625561297351404,-0.243447381987842,0.2758890639118259,0.32595666099655907,0.44252624562206505,-0.49608078559099006,0.5338433792220345,rice
-0.1625561297351404,0.43733388755310354,0.2758890639118259,0.04375826309514214,0.00999506533171814,-1.4896200565227624,1.0984760366785913,rice
-0.19749940783813702,0.5281047234918963,0.18211303946864918,-1.1417597016466157,0.29604508549517067,0.18147333957299214,1.2951518511836306,rice
0.36159304180980917,-0.243447381987842,0.18211303946864918,-0.6966166638026465,0.09693327160551654,-2.122434621054293,1.4742218991270688,rice
0.43147959801580243,0.07425054379793258,0.7447691861277095,0.11910941166675518,0.0943059399597826,-0.6135950633591403,0.46447452036475406,rice
0.32664976370681253,0.21040679770612167,0.557217137241356,-0.5521490519225831,0.058079544568420925,-1.991082098786699,1.3284422315548103,rice
0.6760825447367789,0.07425054379793258,0.3696650883550026,-1.6093705635980173,0.36092507657597667,0.34479465212762167,1.269557488885021,rice
0.7459691009427721,0.21040679770612167,0.18211303946864918,0.6545951116004156,0.14393576202047295,1.4481726885943804,2.2927264247950014,rice
0.6411392666337823,-0.1980619640184456,0.18211303946864918,-0.4930610643519427,0.33645918379327355,2.18274289268872,1.4553391184664015,rice
0.32664976370681253,-0.15267654604904926,-0.09921503386088094,0.5058109247091509,-0.03115851201877717,-0.20802965617073574,1.0781783315247275,rice
0.2218199293978226,-0.3796036358960311,0.18211303946864918,0.48191295422778013,0.33377682281213744,2.322286674702301,1.5742213409445112,rice
-0.4071590764561169,0.11963596176732895,-0.005439009417704233,-0.9152539804475432,0.23158637055225725,-0.44452416025410735,1.7226625711456296,rice
0.571252710427789,-0.10729112807965288,0.557217137241356,-0.9202183717464858,0.2953804104489532,0.604103805920852,0.6609711288713049,rice
0.7459691009427721,-0.061905710110256515,0.08833701502547248,-1.3465682848555738,0.1660180074653255,0.413806379033867,2.381503533953986,rice
-0.4071590764561169,0.3011776336449144,0.8385452105708862,-1.3928496272955635,0.28225754229689154,-0.6128658595658786,2.240215259241478,rice
0.2218199293978226,-0.6065307257430129,0.7447691861277095,0.511281617282967,0.41364072760516796,1.4545069408902729,0.48084602900978546,rice
-0.23244268594113365,-0.5157598898042202,0.3696650883550026,-0.6695898439268174,0.3082370760724956,-1.7083195975642416,0.5619377215579086,rice
-0.022783017323153843,0.255792215675518,-1.8809594982812385,-0.9460246181468661,-1.6372121868791742,-0.9507834408510916,-1.141575795706554,maize
-0.3722157983531202,-0.1980619640184456,-1.7871834738380619,0.346895242621649,-0.8666271502393249,1.1982941887817362,-0.8960580954469252,maize
0.2917064856038159,-0.243447381987842,-1.8809594982812385,-0.5955109658275182,-0.8647950893500682,0.7004274899382734,-1.497658718905888,maize
0.047103538882839434,0.43733388755310354,-1.412079376065355,-1.9255419761775943,-2.2244292456034507,0.5878602332184856,-1.60036020759947,maize
-0.3722157983531202,-0.47037447183482384,-1.5058554005085316,-2.479278306852704,-1.7345282492564549,-0.5497432427998755,-1.5193490783750994,maize
-0.12761285163214375,-0.3342182179266347,-1.8809594982812385,-1.2562979377458614,-2.212145617332984,-0.20720472927541192,-0.899105763514325,maize
0.7459691009427721,-0.3342182179266347,-1.7871834738380619,0.16946662528991727,-1.3622268681331706,-0.40891031294147673,-0.8419130286883221,maize
0.6061959885307856,0.5281047234918963,-1.5996314249517083,0.01008786923494263,-1.3440340771921508,-0.6530180940579206,-1.3056266810870807,maize
0.15193337319182934,-0.1980619640184456,-1.7871834738380619,-1.7606456030958697,-1.748289053839257,-0.7588899433878667,-1.5220632380643702,maize
-0.1625561297351404,0.5281047234918963,-1.036975278292648,-0.09014751252353595,-1.3346526457544527,-0.9501642310685942,-0.7784336016821578,maize
-0.05772629542615048,-0.1980619640184456,-1.5996314249517083,-0.6852250390112011,-0.6829369249456471,-0.7640456946601314,-1.0309308304470994,maize
0.6411392666337823,0.028865125828536214,-1.412079376065355,-0.12035308769611416,-1.1809881243744413,0.36321823524158015,-1.3735215141638233,maize
-0.33727252025012355,0.16502137973672532,-1.8809594982812385,-1.0714874891365989,-2.1113025285691744,1.262486372695639,-1.545889087842523,maize
0.7110258228397756,-0.1980619640184456,-1.8809594982812385,-2.3314659686201065,-1.4341625901755342,-0.3451438723486094,-1.0230649300434342,maize
-0.19749940783813702,0.255792215675518,-1.412079376065355,0.009406526475020797,-1.9783757832067557,-0.6432331549493734,-1.406202476853855,maize
-0.3023292421471269,0.43733388755310354,-1.3183033516221783,-2.5626621363547297,-2.4590555295956045,-0.12370857737903501,-1.54837062025325,maize
-0.05772629542615048,-0.061905710110256515,-1.7871834738380619,-0.20462557822818161,-0.9798608881984208,0.5965274626832243,-0.8639631145055906,maize
-0.3722157983531202,-0.3342182179266347,-1.7871834738380619,-0.008402638390247383,-1.4836490732402015,-0.4561971398565705,-1.3290134722763178,maize
-0.19749940783813702,0.21040679770612167,-1.5996314249517083,-0.7680717589283358,-1.9866084462356217,-0.435016336443819,-1.5183513264774862,maize
0.08204681698583607,0.3011776336449144,-1.5996314249517083,-2.6382055921181102,-1.7151141192497115,0.029257119739348907,-1.2012073885057746,maize
0.18687665129482597,0.39194846958370716,-1.412079376065355,-0.08624041955679909,-0.6487086177270629,0.5051281950166532,-1.2772885762144943,maize
0.9556287695607519,0.07425054379793258,-1.9747355227244152,-2.602323192748107,-0.9135730269603719,-1.2719661413977925,-1.136193847229845,maize
0.08204681698583607,0.3465630516143108,-1.3183033516221783,-2.551697214815224,-1.347040755675585,1.011802646678915,-1.256387827965295,maize
0.3965363199128058,-0.15267654604904926,-1.412079376065355,-2.347808219610977,-2.1200344805323486,-1.012048533737581,-1.2770769800764246,maize
0.9905720476637486,-0.016520292140860152,-1.8809594982812385,0.20552631335679616,-1.2920740791601886,-1.314487952266053,-1.3657335939084627,maize
0.25676320750081927,0.11963596176732895,-1.8809594982812385,0.06424823300709993,-1.1673141164436414,0.5700105650265678,-0.994261113654204,maize
0.7809123790457688,-0.42498905386542746,-1.693407449394885,-0.4722759569115786,-2.2434856702691444,-0.6904253425368181,-0.8865135693447057,maize
0.11699009508883271,0.028865125828536214,-1.9747355227244152,-1.3457236002035426,-0.8730495727390081,-0.6446546651087209,-0.8923508265691343,maize
0.2218199293978226,-0.016520292140860152,-1.3183033516221783,-0.7694554888823785,-1.694498268464699,-1.244027768131645,-1.4347881681684198,maize
0.5363094323247923,0.255792215675518,-1.5058554005085316,0.16774479378726256,-1.6586689694178218,0.5521421544472909,-0.7849639210036076,maize
0.5363094323247923,-0.6065307257430129,-1.036975278292648,-1.3792730822009067,-1.688872491917311,-0.1722444852171413,-1.5117134881265386,maize
-0.3023292421471269,-0.243447381987842,-1.5996314249517083,-2.464721435993373,-2.4347108514787723,0.6712266795023745,-1.0869350694866888,maize
0.43147959801580243,0.39194846958370716,-1.036975278292648,-0.9751324600074087,-1.2167493331465362,0.3932531155555974,-1.5367760525712324,maize
-0.2673859640441303,-0.6065307257430129,-1.2245273271790016,-0.7951781842436397,-1.8127510577188624,-1.0772602475166704,-1.5599663509819608,maize
-0.4071590764561169,-0.10729112807965288,-1.3183033516221783,-0.10052161759875719,-1.4492118770023612,0.6412192117710137,-1.1386940745330025,maize
0.9206854914577554,-0.1980619640184456,-1.412079376065355,0.2251033812754745,-0.6208761752108981,0.4576934419863701,-0.8075950038177901,maize
0.11699009508883271,0.3465630516143108,-1.693407449394885,-2.138264012008866,-1.7675185127385882,-1.0484485230052076,-1.5952784779972045,maize
0.5013661542217958,0.3011776336449144,-1.412079376065355,-1.3435649974949624,-2.0331028179230826,0.9658554194896204,-0.7693737759663277,maize
0.9206854914577554,-0.6065307257430129,-1.693407449394885,-0.5070168987539216,-0.5485466438059515,-0.036334002367832394,-1.0738132097718391,maize
0.15193337319182934,0.39194846958370716,-1.693407449394885,-2.2933603573473205,-0.5781743160074031,-0.32741046987542183,-1.031517002595612,maize
0.9556287695607519,0.3465630516143108,-1.7871834738380619,-0.39164096809224186,-0.7145098463283438,-0.06991499255834766,-1.4239415346254476,maize
-0.4071590764561169,-0.1980619640184456,-1.2245273271790016,-0.13721074376555223,-1.0160906976331285,-1.0004890485917608,-1.3282681101425977,maize
0.08204681698583607,-0.016520292140860152,-1.7871834738380619,-1.3101663716434617,-1.970801446061328,0.2870143067559909,-1.4553802062191519,maize
0.6061959885307856,0.5281047234918963,-1.7871834738380619,0.07815811081470565,-2.2706086133926946,-0.5252051335600166,-0.9056341720678518,maize
-0.09266957352914712,0.11963596176732895,-1.2245273271790016,-1.09295270819113,-0.7415343051015378,0.9616858356511,-0.8223510064185517,maize
0.8507989352517621,-0.10729112807965288,-1.3183033516221783,-1.6989738633299851,-1.118158280496135,0.41306669208710695,-1.504869390078919,maize
-0.3722157983531202,0.5281047234918963,-1.9747355227244152,-0.10742571611614485,-1.143453582514001,-0.013118699805626131,-1.0823228998467538,maize
0.08204681698583607,0.43733388755310354,-1.693407449394885,-1.9013927370059867,-2.3540965970378407,0.8265136032019333,-0.7816845625939989,maize
0.08204681698583607,-0.243447381987842,-1.2245273271790016,0.29217912778958044,-1.813132049513607,0.09538752326613166,-0.9415244277279494,maize
-0.3023292421471269,-0.243447381987842,-1.7871834738380619,-2.1789133335737247,-1.463255059035918,0.972322197757252,-1.419813525482648,maize
0.9556287695607519,-0.5611453077736166,-1.5058554005085316,-1.700205468909707,-1.4754401550636356,0.7242870091046478,-1.3008937949179256,maize
0.18687665129482597,-0.5611453077736166,-1.2245273271790016,-0.16707432370565656,-2.3171317674301415,0.6836263934926426,-1.1298288885400571,maize
0.5363094323247923,0.5281047234918963,-1.2245273271790016,-1.8139188855611534,-1.6155029518153878,0.30238995799558366,-1.5690194822402892,maize
-0.4071590764561169,-0.47037447183482384,-1.7871834738380619,-2.501373219877804,-1.5839346505823921,0.3667700131127828,-1.3336073660726597,maize
0.7809123790457688,0.255792215675518,-1.7871834738380619,-0.6576389823013375,-1.8274558174315105,-0.7294218170837528,-0.8105293306832106,maize
0.8158556571487654,-0.47037447183482384,-1.3183033516221783,-1.9710667424689237,-1.8762543644085554,-0.9858739324090559,-0.9213993783111996,maize
0.43147959801580243,-0.1980619640184456,-1.412079376065355,-1.2220406470631315,-1.811213667964077,-0.7679866839262969,-0.8114029798120463,maize
0.18687665129482597,0.43733388755310354,-1.5996314249517083,-0.8748244295246205,-2.3392771448211467,-0.8748910247724508,-0.907413795983034,maize
-0.19749940783813702,-0.1980619640184456,-1.5058554005085316,-2.2570659580172903,-1.1160374001407507,0.8496027369657988,-1.260628639097797,maize
-0.3023292421471269,-0.6065307257430129,-1.8809594982812385,-1.1634737975570117,-1.4744959682909984,-0.000656743341610362,-1.2097260288952014,maize
0.25676320750081927,-0.15267654604904926,-1.5058554005085316,-0.5040498337780299,-2.071696445290707,-1.0138925777182395,-1.1042969871969943,maize
0.012160260779842794,0.5281047234918963,-1.036975278292648,-2.4621479816648724,-1.1155841240660693,-0.907977428327384,-1.1357740103908036,maize
-0.1625561297351404,0.11963596176732895,-1.1307513027358247,-0.6162187335815893,-1.8688984722806108,-1.252172667426897,-1.5305266423673256,maize
0.5013661542217958,-0.5611453077736166,-1.1307513027358247,0.5136486396179594,-0.7378940356888589,-0.8828584741918525,-1.3856798338660723,maize
0.15193337319182934,-0.016520292140860152,-1.693407449394885,-2.1764158950790042,-1.0562377401362224,-0.9033893875504921,-1.2185689597730387,maize
0.11699009508883271,0.21040679770612167,-1.693407449394885,-1.6597184694626155,-2.0529154038317943,1.076527858488591,-0.872614487768129,maize
0.32664976370681253,-0.15267654604904926,-1.2245273271790016,-2.164910329972971,-1.2126522573057341,-0.14623444666839597,-1.201316433780191,maize
0.047103538882839434,-0.15267654604904926,-1.412079376065355,-0.2074400145049848,-0.6697878909320163,0.6619470793080987,-0.9920922331412297,maize
-0.022783017323153843,-0.6065307257430129,-1.1307513027358247,-1.0720550324962046,-2.0446663909268565,-0.8116520895537297,-1.4765523789671902,maize
0.8507989352517621,0.255792215675518,-1.3183033516221783,0.19922550963339974,-1.867506287370331,1.2503039372908695,-1.218622993209655,maize
0.9556287695607519,-0.42498905386542746,-1.693407449394885,-2.211399917750666,-1.186135825384835,-0.29099645518490874,-1.1400291576985455,maize
-0.33727252025012355,-0.016520292140860152,-1.5058554005085316,-1.2841391679546357,-1.951542703407992,0.7922249446885643,-1.0069530367083497,maize
0.5013661542217958,-0.5157598898042202,-1.8809594982812385,-1.7234381831079097,-2.0749242908387835,-1.2933792416726686,-1.4825928858787685,maize
0.7809123790457688,0.07425054379793258,-1.5996314249517083,-0.6901710780802105,-0.666191133223244,-0.7265220204421219,-0.9751871037121411,maize
0.15193337319182934,-0.42498905386542746,-1.1307513027358247,-0.33744347340912906,-2.4233908806816378,1.3148312475286967,-1.5396566890581924,maize
0.18687665129482597,0.16502137973672532,-1.7871834738380619,-0.11160823715441133,-1.436719098747974,-1.0146364797473624,-1.3435998817844594,maize
0.08204681698583607,-0.42498905386542746,-1.2245273271790016,-0.941236510603536,-1.4335206483770182,0.9236770487315462,-1.1345864848818485,maize
0.32664976370681253,0.028865125828536214,-1.5058554005085316,-2.6413510360223595,-1.9378359155785965,-1.3803226963142836,-0.8627860746952568,maize
-0.3023292421471269,-0.2888327999572384,-1.412079376065355,-0.7054407192906268,-0.792688543943251,-0.8625731375687121,-1.4911885655875463,maize
0.9556287695607519,-0.47037447183482384,-1.412079376065355,-0.8460089736558893,-0.8644323992907037,0.14491511742278182,-1.4806019704652211,maize
0.6411392666337823,0.16502137973672532,-1.036975278292648,0.30040813196854377,-1.0827207646704555,0.999777971369235,-0.8798584272893104,maize
-0.12761285163214375,-0.3796036358960311,-1.5996314249517083,0.36308400459471235,-1.391397781798891,0.6958116328909427,-0.8119455143538515,maize
-0.4071590764561169,0.39194846958370716,-1.1307513027358247,-2.4116952578307305,-1.8461239941164271,-0.2754617473214422,-1.3569740386865816,maize
-0.022783017323153843,0.16502137973672532,-1.693407449394885,-0.02108003175805954,-2.391114482618926,-0.8764907376308168,-1.304029346124195,maize
-0.3722157983531202,0.48271930552249986,-1.7871834738380619,-0.677231895659196,-2.0716547837969506,0.3667089216947463,-0.8496501308099008,maize
0.571252710427789,-0.47037447183482384,-1.9747355227244152,-0.030527703361516407,-1.4191304869433512,0.33156574888091833,-1.569215988389096,maize
-0.23244268594113365,0.5281047234918963,-1.3183033516221783,0.07526422484578181,-0.7741873885533304,0.6077235597233865,-0.8004999552596354,maize
0.2218199293978226,-0.5157598898042202,-1.3183033516221783,0.06580345933974123,-1.6736383287299639,0.10506008260547674,-1.3656335307664833,maize
0.2218199293978226,0.43733388755310354,-1.9747355227244152,-0.05762167630500381,-1.2339521541432923,0.46524573852462536,-1.5620791801587663,maize
0.7110258228397756,0.5281047234918963,-1.2245273271790016,-2.4093571525878805,-0.8723249149157376,-1.0021486745362516,-1.4432809060592569,maize
0.25676320750081927,0.48271930552249986,-1.7871834738380619,-1.7743049501590373,-1.6325407884098877,0.6754074520388095,-0.7904632532511721,maize
0.6760825447367789,0.3011776336449144,-1.9747355227244152,-2.6223842937782442,-0.7654205230366418,0.18888294520836288,-1.2904759514056592,maize
0.15193337319182934,0.11963596176732895,-1.693407449394885,0.3727325606192421,-0.828733829857305,-0.04680283768029092,-1.2754528386812487,maize
0.5363094323247923,-0.016520292140860152,-1.036975278292648,-2.414363510382305,-1.8631771826659396,0.6981822130313795,-1.0423842079500818,maize
-0.022783017323153843,0.5281047234918963,-1.3183033516221783,0.33744545359582706,-2.0593718660931923,-0.12361029758767186,-1.175468902686266,maize
0.6411392666337823,0.39194846958370716,-1.1307513027358247,-2.3125520432705002,-0.7467894394977563,-0.2071507860406193,-1.2332708131740964,maize
-0.1625561297351404,-0.6065307257430129,-1.3183033516221783,-0.6894612595123181,-1.6806305895664388,0.20530889750542658,-0.7861499189136903,maize
-0.4071590764561169,0.255792215675518,-1.5996314249517083,-2.379394372707804,-1.7537100444747402,0.263745939252685,-1.438185241390696,maize
0.3965363199128058,0.43733388755310354,-1.2245273271790016,-2.0108419579648413,-2.030914485532339,0.19715821383700968,-1.5181599687396816,maize
0.3965363199128058,0.39194846958370716,-1.5996314249517083,0.2097856920062118,-0.9474946078453297,1.100304337986669,-0.95577646638911,maize
0.6760825447367789,2.0712089344513727,0.9323212350140628,1.5586613683406787,-0.4097697372447011,-0.2233823990377704,-1.0557880611305777,banana
1.1652884381787318,2.116594352420769,1.3074253327867698,0.8043125106816331,0.3162154832810687,-0.7704665125279859,-0.9166511538714222,banana
1.2701182724877218,1.98043809851258,1.5887534061162998,0.8291008405808628,0.24637675404201048,0.007312966365699229,-0.850843546696783,banana
0.5013661542217958,1.2542714110022382,1.6825294305594767,1.5393723699871324,-0.03182487209526331,-0.629087313087122,-1.1017992821413438,banana
0.2917064856038159,1.2996568289716344,1.213649308343593,0.329891273037519,-0.1021300957090989,-1.3705205386488413,-0.7105072507508543,banana
0.7459691009427721,2.0712089344513727,1.5887534061162998,0.2601735804416586,0.38923092560964817,-0.35204468953940593,-0.6884037277445684,banana
0.6411392666337823,1.98043809851258,1.7763054550026534,0.6840276792784394,-0.025021129395864688,-0.25116439965828546,-0.9796804664060691,banana
1.2701182724877218,1.844281844604391,1.5887534061162998,1.62638347379228,-0.23201786356819534,-0.8442549933398422,-0.9455014938208254,banana
1.2701182724877218,1.7988964266349945,1.7763054550026534,0.4167129583934972,0.28819227950458587,-0.6933984994319874,-0.6996207393628583,banana
1.1652884381787318,1.2996568289716344,1.494977381673123,1.482397766476498,-0.41832052206421955,-0.8294806114157164,-0.9342849049747474,banana
1.619551053517688,1.7988964266349945,1.494977381673123,1.2924504957055694,0.219528900906517,-0.7812186784758542,-0.9555542439104218,banana
1.0255153257667453,1.753511008665598,1.6825294305594767,1.4493369825946838,-0.3851930038745945,0.1890748641999826,-0.9315482926622937,banana
0.8158556571487654,1.2088859930328417,1.3074253327867698,1.0816803747187151,-0.5060141702177661,-1.1804467566128194,-0.6250989354488857,banana
1.2002317162817284,1.6627401727268054,1.5887534061162998,0.7545363088559648,-0.15959495568307047,-0.6504894283263883,-0.939078910838529,banana
0.5013661542217958,2.116594352420769,1.213649308343593,1.0717349901945006,-0.23412899831057662,0.3381088405055206,-0.7923202641134567,banana
0.3965363199128058,1.3904276649104272,1.7763054550026534,-0.006393215689336285,0.28397412583331616,-1.2869822395656796,-0.9569767317612544,banana
0.46642287611879907,2.116594352420769,1.0260972594572395,0.28756512724716965,-0.20518040014950126,-0.11082419438010233,-0.5984974478274503,banana
1.3050615505907184,1.3904276649104272,0.8385452105708862,0.9281085438179133,-0.07389484201551066,0.3951334677974742,-0.7877689113901308,banana
0.9905720476637486,1.2542714110022382,0.8385452105708862,0.14918728884176705,-0.4399052027008635,-1.241144782722295,-0.8872484703202246,banana
1.5846077754146914,1.7081255906962018,1.1198732839004164,1.3093530329709802,0.20530124128990704,-0.08647185971283904,-0.6608857315727897,banana
1.4797779411057015,2.0712089344513727,1.5887534061162998,0.4341376089985296,-0.35071552622579466,-0.1491485342212769,-0.6181660652221931,banana
1.340004828693715,1.3450422469410308,1.3074253327867698,0.2864940601071798,-0.1507947130789863,-0.6495549856630366,-0.9645811986636711,banana
0.7809123790457688,0.9819589031858599,1.1198732839004164,-0.0103294964519507,0.4342059258329374,-0.14115663805154616,-1.0788727135382568,banana
0.2917064856038159,1.0273443211552562,1.0260972594572395,0.8679414495771774,0.03483184950150702,-0.21167278931490868,-0.8484758327569056,banana
1.4797779411057015,1.3904276649104272,1.4012013572299464,0.3876521893167002,0.18598166454782142,0.07349754406578164,-0.7301350853514073,banana
0.571252710427789,1.3450422469410308,0.8385452105708862,1.4608041522695774,-0.12174242300300928,0.09363262700452503,-1.0684822537505203,banana
1.4098913848997083,1.118115157094049,1.1198732839004164,1.5127307837759862,-0.3050739733790556,-1.0279304203692743,-1.0923639575260113,banana
1.5846077754146914,1.2542714110022382,1.0260972594572395,0.147330042430962,-0.2990025473760074,-0.2792404686455924,-1.051149706354105,banana
1.3749481067967115,1.753511008665598,1.1198732839004164,0.45753789622530533,0.08980537951588709,-1.2753943380729833,-0.9654266630347993,banana
0.6061959885307856,1.5719693367880128,1.0260972594572395,1.086914783722753,-0.25857964567440417,-1.1665250323890253,-0.7729393653798692,banana
0.7459691009427721,1.9350526805431836,1.0260972594572395,0.9949135532224755,0.28047754923392004,-0.3119254137910206,-0.6418253171929963,banana
0.7110258228397756,1.48119850084922,1.494977381673123,0.826460377807246,0.1000870237141269,0.3006902560372187,-1.030695710200309,banana
1.1652884381787318,1.1635005750634453,0.8385452105708862,-0.007247493636748069,0.09193141270165599,-0.31714872821476536,-0.6091567233826914,banana
1.060458603869742,1.0273443211552562,1.1198732839004164,1.2941278131310154,-0.1128431780288213,-1.0501535510965474,-0.8927217321788732,banana
0.7809123790457688,1.9350526805431836,1.4012013572299464,1.4819040955704152,-0.3681481876970588,-1.1904866554702354,-0.7723456124415595,banana
1.5496644973116949,1.0273443211552562,1.0260972594572395,0.8929738059146622,0.1585748251005258,0.29641429319385776,-1.0809317367427589,banana
1.5846077754146914,1.3904276649104272,1.213649308343593,0.09062214514000716,0.18772009874358847,-0.17481222319832818,-0.7147427056403782,banana
1.6544943316206848,1.0727297391246526,1.7763054550026534,0.30629375774422773,0.283284986571528,-0.09480304455486445,-0.7300045658549916,banana
0.9556287695607519,1.118115157094049,1.5887534061162998,0.41742885852475364,0.0604589509861223,-0.729322886300378,-0.6183825235791877,banana
0.6760825447367789,1.617354754757409,1.494977381673123,1.4772086354533596,-0.169208467786333,0.2145057453407297,-0.6376129996890129,banana
0.2917064856038159,1.8896672625737871,1.0260972594572395,0.5312896270065887,-0.10580081881849307,-0.11262146149334785,-0.8092657833515164,banana
1.0255153257667453,0.9819589031858599,1.1198732839004164,0.07263459022156964,-0.5287254910235091,-0.47293669391763066,-0.6542604679026138,banana
1.2701182724877218,1.844281844604391,1.5887534061162998,1.4668613671306183,-0.025476664232119636,-0.6619182131875672,-0.7245804508428582,banana
0.9905720476637486,1.4358130828798237,1.494977381673123,0.8804891350648965,-0.31131686294077315,-0.4054642339884855,-0.7596477506056232,banana
1.3050615505907184,1.9350526805431836,1.5887534061162998,1.6696683335477385,0.2999310741536805,-0.47766602723746987,-0.7609188106909135,banana
0.36159304180980917,1.3450422469410308,0.9323212350140628,-0.03956670873998478,0.44293342478108433,-0.971214272370647,-0.7577070602938997,banana
1.2002317162817284,0.9819589031858599,1.7763054550026534,0.26088695153254066,-0.1874123873553391,-0.9678019922683249,-0.6585117149759192,banana
0.6411392666337823,1.7081255906962018,1.494977381673123,0.2542573317694738,0.14801082984121752,-0.8719627808709144,-0.6113998346061876,banana
0.3965363199128058,2.116594352420769,1.3074253327867698,0.5013963030300553,-0.2582602268795932,-1.3880096263654587,-0.784551394840492,banana
1.6544943316206848,1.8896672625737871,1.1198732839004164,1.2988331372471866,-0.08298485704657844,-0.5206779550810693,-0.6254009569441574,banana
1.235174994384725,1.0727297391246526,0.8385452105708862,1.1067959038517443,0.10780898964551427,-0.8764946599486136,-1.079877022128528,banana
1.5496644973116949,1.48119850084922,1.7763054550026534,0.46665344401194386,0.3184392961148588,-0.6495959963414205,-1.0169496889196008,banana
1.0255153257667453,1.2088859930328417,1.3074253327867698,0.5299650847555052,0.09441028086546044,-0.05500778098743832,-0.7654639521491574,banana
0.7459691009427721,1.48119850084922,1.3074253327867698,0.9469084213130896,-0.3775615291511376,-0.4304174397386727,-0.897010278999083,banana
0.8158556571487654,1.2088859930328417,0.8385452105708862,1.416045243927578,0.24611963836175982,-0.8053393127206014,-0.7817112524169798,banana
1.235174994384725,1.0273443211552562,1.7763054550026534,1.5780391315614497,0.34463746647751364,-0.33588688048867293,-0.6428206800383511,banana
0.3965363199128058,2.0712089344513727,1.0260972594572395,0.8284286349990695,0.06487641226612899,0.35748599053701385,-0.7290259412689446,banana
1.060458603869742,1.118115157094049,1.6825294305594767,0.458825111027106,0.38789027584497143,-1.003858410499996,-0.7479696651024543,banana
0.5013661542217958,1.3904276649104272,0.8385452105708862,0.9818736096796742,0.22004973262050667,-0.8457705209294432,-0.9477897990214293,banana
1.5846077754146914,1.7081255906962018,1.5887534061162998,0.01174842898670368,0.3046379149475795,-1.0353991153494795,-0.6660151161332409,banana
1.3749481067967115,1.3904276649104272,1.5887534061162998,1.1670716244556665,-0.45623154308323566,-0.1959839199965554,-0.6010734303936054,banana
0.8158556571487654,1.1635005750634453,1.3074253327867698,0.27308103119334126,0.0029381937493234253,-0.4915118781603476,-0.7634215984907855,banana
0.6760825447367789,1.2088859930328417,1.7763054550026534,0.8608413430142182,-0.42312120946565096,-0.10984915745504573,-0.7774070132671139,banana
0.7459691009427721,1.5719693367880128,0.9323212350140628,1.5640815468558698,0.2993539776760638,-0.9227898350950202,-0.7778846273954927,banana
0.7110258228397756,1.6627401727268054,1.4012013572299464,1.5042471808800169,0.06258953394909733,-0.9674214492502442,-0.7844346738302379,banana
1.1303451600757353,1.4358130828798237,1.6825294305594767,0.7141762138365848,0.08734039134909859,-0.7158352700994604,-0.7629157578013617,banana
1.0954018819727385,1.0727297391246526,1.4012013572299464,0.35662927427760766,0.1341166957722473,-0.3151309748347086,-0.8585697884129039,banana
0.7110258228397756,1.2088859930328417,0.8385452105708862,1.42670396616824,-0.24332664416140984,-1.0880937711003982,-1.0962959125714764,banana
0.7459691009427721,1.6627401727268054,1.213649308343593,1.0395285621337764,-0.11290961943697643,-1.0520155610020234,-0.6047834224118638,banana
1.6894376097236814,1.753511008665598,1.494977381673123,1.0797463522787059,-0.4287096983652551,-0.6678741645691557,-0.6129782033780616,banana
1.2701182724877218,1.0727297391246526,0.9323212350140628,-0.0007187054526050047,0.4434470403822663,-0.2944629312814903,-1.0876544392531062,banana
1.1652884381787318,1.7988964266349945,1.6825294305594767,0.23094276862823948,0.39784662514516345,-0.45884642277020243,-0.6940768772527413,banana
0.9206854914577554,1.3904276649104272,1.3074253327867698,0.06544253709543209,0.39406125937890696,0.29665343092735647,-1.085633876642026,banana
1.3749481067967115,1.7988964266349945,1.7763054550026534,1.5883387931095152,-0.20444680892909556,-1.395422965203627,-0.9944874995421841,banana
0.8857422133547587,1.1635005750634453,0.8385452105708862,0.4859709960471404,-0.18796572236492698,-1.0820629247243274,-0.7124303362725557,banana
0.8158556571487654,1.5265839188186163,1.1198732839004164,0.827009294524913,0.28053741667827486,-1.006971383386399,-1.0565847437151028,banana
0.6061959885307856,1.9350526805431836,1.7763054550026534,-0.030128226230440435,-0.017567214248356774,0.005079909197143507,-1.0303810175550263,banana
0.6061959885307856,1.6627401727268054,1.7763054550026534,0.5589338738946893,-0.38666258288978234,0.004738609359580654,-1.0743173212924524,banana
1.619551053517688,1.7988964266349945,1.4012013572299464,0.10551571582175873,-0.09277892933073585,-0.128865617906431,-0.9232104190421075,banana
1.0255153257667453,1.98043809851258,0.8385452105708862,1.1358604739056437,0.0197016088944571,-0.9359818536434412,-0.9681936352324492,banana
0.9556287695607519,1.98043809851258,1.0260972594572395,1.0988459470161642,-0.2892109312873644,0.09302083634887587,-0.8751006608570175,banana
0.36159304180980917,1.2996568289716344,0.9323212350140628,1.4025888134176339,0.17079344482500378,-0.675864022297416,-1.004985068449772,banana
0.6411392666337823,1.7081255906962018,1.7763054550026534,1.0374432237223825,0.3628650351140386,-1.1424948405737019,-0.9757108467230315,banana
0.8158556571487654,1.7988964266349945,1.494977381673123,1.0525702337305587,-0.15057816909623212,-0.06785761049412348,-1.0244204269463173,banana
1.1303451600757353,1.118115157094049,0.9323212350140628,1.474175192438311,-0.03151545303635144,0.01742706740207793,-1.0960170954824804,banana
1.060458603869742,1.118115157094049,1.494977381673123,1.0188435372017253,0.28555700847319054,0.15149602659176087,-1.099559604715048,banana
0.9905720476637486,1.1635005750634453,1.494977381673123,0.10015468421855493,0.10734855316958399,-0.7919562752952136,-0.994020756650897,banana
0.7809123790457688,1.844281844604391,1.1198732839004164,1.2589908725151797,0.3982454983951168,-1.1262176399515296,-0.7468175008164181,banana
0.9556287695607519,0.9819589031858599,0.9323212350140628,0.5306858760953442,0.24963679696081675,-0.991596774097708,-0.9257420257580047,banana
1.4098913848997083,1.753511008665598,1.1198732839004164,0.7536672868256654,-0.29755865627586936,-0.13213980587346405,-0.9433913177173554,banana
1.5846077754146914,1.5265839188186163,0.8385452105708862,0.04790887817536931,-0.11242435319946464,-1.1970747091856326,-0.8426483138483571,banana
0.8507989352517621,1.7081255906962018,1.4012013572299464,1.7592645393585375,-0.3375981119420051,-0.028019759683856962,-1.0698143837726188,banana
1.444834663002705,1.6627401727268054,0.8385452105708862,1.0327548278603318,-0.37183382977515095,-0.4279597266812779,-0.7805333274590609,banana
1.1652884381787318,2.0258235164819762,0.9323212350140628,-0.05730609508219123,-0.16409072395561375,-0.9316116587970438,-0.7927715810655845,banana
0.46642287611879907,1.844281844604391,1.4012013572299464,1.5006362266746778,0.41641294057741385,-0.2084161508560158,-0.7897066856229071,banana
1.2701182724877218,2.0712089344513727,1.0260972594572395,0.8137412812311468,0.4011998568841642,0.2084859731025267,-1.0899060924046662,banana
0.7110258228397756,1.48119850084922,1.494977381673123,1.0553588752788492,-0.38249261971586646,-0.6934788951271366,-0.8717235808000452,banana
1.340004828693715,1.0273443211552562,1.6825294305594767,1.3006271205659246,0.17265404762489156,-0.9953263146118748,-1.0295303890331775,banana
0.36159304180980917,1.2088859930328417,1.7763054550026534,0.8088223347852698,-0.1909911844398455,0.01507610430586453,-1.0671810070861767,banana
1.5846077754146914,1.48119850084922,1.5887534061162998,1.610251685684783,-0.2185075498772638,-1.391335271796107,-0.9661351487015596,banana
-1.8747767567819755,-0.8334578155899948,-0.6618711805199412,0.5925922863334081,1.2138378499164753,0.2677432193253971,1.174207700253706,coconut
-1.2108544728250394,-1.1511557413757694,-0.7556472049631179,0.16621327442693015,1.3558842156271678,-0.9687127319124459,1.169643342799893,coconut
-2.0494931472969586,-0.9242286515287875,-0.2867670827472344,1.0996484538013045,1.4862876340253923,-1.0652370269377442,-0.06997768806625003,coconut
-2.4338692064299217,-1.241926577314562,-0.09921503386088094,-0.05037642804078213,1.084493232603272,0.03797512658107382,0.41657769179341786,coconut
-2.1543229816059486,-1.378082831222751,-0.09921503386088094,0.976482522545333,1.8770166078250228,0.19856485846645996,0.4482150988215866,coconut
-2.2591528159149386,-1.6957807570085257,-0.38054310719041107,1.5182803067607742,1.4339843198725835,-1.3285502543963104,0.5001429893501851,coconut
-1.1409679166190463,-1.9680932648249039,-0.4743191316335878,0.718153322655688,1.295863883120246,-1.310740631305239,-0.07210892543567578,coconut
-1.3156843071340294,-1.9227078468555074,-0.8494232294062947,0.2531052092563046,1.0248217961695247,-0.7492558434928452,-0.12392075669915505,coconut
-1.4205141414430194,-0.8334578155899948,-0.6618711805199412,0.5269763449394526,1.030635471185085,-1.2982956297281685,0.3994283922873901,coconut
-1.630173810060999,-1.8773224288861112,-0.09921503386088094,1.1941810979691925,1.8323209668544165,-1.3002874343483906,0.5832196803625773,coconut
-1.944663312987969,-1.378082831222751,-0.9431992538494713,1.2132533627542164,1.111469154881018,-1.2809136647474884,-0.163650142332868,coconut
-1.5952305319580025,-1.7411661749779221,-0.2867670827472344,1.1526271549787335,1.6122171025563585,-0.36743015475635116,0.7381179911153495,coconut
-1.5602872538550059,-1.8319370109167148,-0.38054310719041107,0.6829758358119119,1.5658098226944153,-1.1727278424875915,-0.184100094563834,coconut
-1.2108544728250394,-1.378082831222751,-0.5680951560767645,0.9162365088951361,1.847970277908317,0.2038541049248285,0.0458017113259986,coconut
-1.839833478678979,-1.5142390851309402,-0.19299105830405766,0.41967554748708363,1.878224814601476,-1.067208007087217,1.0274583289614074,coconut
-2.5037557626359153,-1.3326974132533547,-0.2867670827472344,0.7297432583285881,1.4462049843089673,-0.06968212471440136,0.8379242287398914,coconut
-1.4205141414430194,-1.2873119952839585,-0.9431992538494713,0.14868589731682944,1.6783985928377605,0.3098393541539171,0.7545371961834149,coconut
-2.1892662597089454,-1.4234682491921475,-0.38054310719041107,0.291023623333857,1.2670979113546796,-0.7827555506024504,0.28506057989113287,coconut
-1.735003644369989,-1.6957807570085257,-0.6618711805199412,1.0639344655289726,1.4245386657150785,-0.5765020385416365,1.0627638095845255,coconut
-1.4205141414430194,-1.9227078468555074,-0.9431992538494713,1.4699104553382476,1.0622124321444082,-0.9663255041969355,0.03432189888192136,coconut
-1.3156843071340294,-1.9227078468555074,-0.5680951560767645,0.7112850831125266,1.6185760568857508,-0.5899590253865171,0.28004257837633995,coconut
-1.6651170881639958,-1.9227078468555074,-0.38054310719041107,1.093381454670364,0.9359423754041277,0.20782439610521755,0.2922926418487332,coconut
-2.4688124845329185,-1.8319370109167148,-0.9431992538494713,0.87103929783156,1.3437326902112046,-1.2908313153059467,0.024749442396146955,coconut
-1.4205141414430194,-1.605009921069733,-0.2867670827472344,0.9172884487766927,1.4706060601152482,-0.7511138274309577,0.8518979571986747,coconut
-2.1543229816059486,-1.7865515929473184,-0.7556472049631179,1.4268862499052672,1.326196814771558,0.01850484650508821,-0.08734483711725513,coconut
-1.2457977509280362,-0.9696140694981839,-0.9431992538494713,0.526358821512152,1.5000840695701876,-0.03324604175834261,0.2778199846369275,coconut
-1.1759111947220429,-1.105770323406373,-0.2867670827472344,1.158586393629016,1.618811525204976,-0.5435702928684608,-0.20767257668464295,coconut
-2.1193797035029522,-1.9227078468555074,-1.036975278292648,1.3078800671993798,1.5844582804201166,-0.3477000197625098,0.4019998577237075,coconut
-1.944663312987969,-1.5596245031003366,-0.5680951560767645,1.685257720368563,1.550479755481487,0.18527606577300537,0.9246575659734357,coconut
-1.350627585237026,-1.5596245031003366,-0.09921503386088094,0.7356957553433859,1.5855398088884671,-0.44564136983421954,-0.10099746009573629,coconut
-1.944663312987969,-1.9227078468555074,-0.6618711805199412,1.5287455351631578,1.1254402461589956,-0.7355366396110447,-0.39030756075870104,coconut
-1.3855708633400228,-1.6957807570085257,-0.4743191316335878,-0.03559969754102855,1.2581662187964509,-0.1215556031385162,-0.3447336420889556,coconut
-1.1759111947220429,-1.5596245031003366,-0.5680951560767645,0.6525720572977186,1.0516381693427688,-1.2765868226959898,0.6717526952660601,coconut
-2.2242095378119418,-1.9227078468555074,-0.2867670827472344,1.1545041108464178,1.2907631674782483,-0.32280055540322256,0.283228456400246,coconut
-1.7000603662669924,-1.9227078468555074,-0.2867670827472344,1.4890949435086913,1.201116386469354,-0.44912831762934563,0.8419812003040027,coconut
-1.4904006976490125,-1.0603849054369765,-0.09921503386088094,1.1839716289724336,1.0950377464105312,-1.327268891179443,0.09341935791767113,coconut
-1.6651170881639958,-1.5596245031003366,-0.2867670827472344,1.563408495788438,1.2544083647657078,0.16991409263933333,1.0715410515106605,coconut
-1.3855708633400228,-1.6503953390391293,-0.5680951560767645,0.08443376504862857,1.7249125163497627,-1.2600399477233668,1.0640299886647762,coconut
-1.455457419546016,-1.0603849054369765,-0.4743191316335878,0.4257041938333943,1.77680913222226,-0.8506786061091591,0.8954246581294368,coconut
-2.0145498691939623,-1.241926577314562,-0.09921503386088094,1.6169145908824567,1.1211107749311997,-0.27598642324426764,0.6617302791672849,coconut
-1.5602872538550059,-1.1965411593451656,-0.6618711805199412,1.3599814880284524,1.1465084366735634,-0.4955723190055945,-0.1657522002959513,coconut
-1.1060246385160495,-1.9680932648249039,-0.6618711805199412,1.231045102457139,1.693552052458198,-0.8215590351122474,0.08764342128082925,coconut
-1.9097200348849723,-1.6957807570085257,-0.38054310719041107,1.3258597494598763,1.2662454228737194,-1.185687229585814,0.02630356184755985,coconut
-1.455457419546016,-0.8334578155899948,-0.09921503386088094,-0.05784774358998342,1.4808302344209032,-0.49250325171177917,0.17937038377549566,coconut
-1.5253439757520093,-1.7411661749779221,-0.5680951560767645,1.7445049484843143,1.0463772419219513,0.059938213275492154,0.6356299390913842,coconut
-1.1409679166190463,-1.8773224288861112,-0.6618711805199412,0.8818309986467565,1.3829558796828008,0.16323062313374542,-0.08478615808630362,coconut
-1.3855708633400228,-1.2873119952839585,-0.09921503386088094,0.5031914655787627,1.7535272165754174,-1.2440190361102903,-0.179140588949592,coconut
-2.2591528159149386,-1.5142390851309402,-0.38054310719041107,-0.048058061920974005,1.510656384422102,-0.16464995784508096,0.33147639746275676,coconut
-1.4904006976490125,-1.4234682491921475,-0.6618711805199412,1.497855164830969,1.4884278335851322,-0.5696825935340099,0.9484402359506591,coconut
-1.3156843071340294,-1.5142390851309402,-0.19299105830405766,0.7021773375266918,1.0422594237885847,-1.0828579787236061,1.1760749537798258,coconut
-2.0145498691939623,-1.1511557413757694,-1.036975278292648,0.37854149936421233,1.6151379940375983,-1.201345582289765,-0.33497306550845696,coconut
-1.8747767567819755,-1.3326974132533547,-0.6618711805199412,0.9007566532554602,1.1771490632576882,-0.12128992566081494,0.12917347297107623,coconut
-2.2591528159149386,-1.241926577314562,-0.09921503386088094,0.22078898301896602,1.389547912598816,-0.9236933447272905,-0.40560684088365784,coconut
-1.6651170881639958,-0.9696140694981839,-0.19299105830405766,1.377218029203746,1.4340093587968556,-0.12620185496654973,-0.17182683447040262,coconut
-1.1409679166190463,-0.8788432335593911,-0.6618711805199412,0.4985271178498918,1.3725255256989048,-0.23478627890843168,0.7559623311840334,coconut
-1.4904006976490125,-1.8319370109167148,-0.7556472049631179,0.6325031281088861,1.102893034986317,-0.3134021146167811,1.0019596895352125,coconut
-2.1543229816059486,-1.105770323406373,-0.8494232294062947,0.8929940234045773,1.41364569175315,-1.026256363495698,-0.15707581103636323,coconut
-2.5037557626359153,-0.8788432335593911,-0.38054310719041107,1.0733232090083922,1.7520437067386347,-0.7355897809255071,0.2782500292754824,coconut
-1.3855708633400228,-1.6957807570085257,-0.4743191316335878,1.6136149385559548,1.1849420917243274,0.3426747821038358,-0.4061742272555611,coconut
-1.2108544728250394,-1.7411661749779221,-0.38054310719041107,1.4085724339454282,1.4389093935890886,-0.19583194245621535,1.1439577662964915,coconut
-1.8048902005759824,-0.8788432335593911,-0.8494232294062947,-0.024379506087585965,1.1650096937126417,-0.4104783981348234,0.043129494769702605,coconut
-1.4205141414430194,-0.8788432335593911,-0.09921503386088094,0.750000537984732,1.1491830048784013,-0.24671542386787595,-0.2350607980348387,coconut
-1.9097200348849723,-0.8334578155899948,-0.8494232294062947,1.4335912662209682,1.0115530614760362,-0.6887270716698318,0.8523333482640398,coconut
-2.4688124845329185,-1.6503953390391293,-0.5680951560767645,0.9602853502151293,1.51544940904087,-1.2920825346831677,-0.4082323917145855,coconut
-2.2940960940179353,-1.605009921069733,-0.6618711805199412,0.7961050478450978,1.908618748453605,-0.8004122742175657,0.7889315062207859,coconut
-1.9796065910909655,-0.9242286515287875,-0.38054310719041107,1.3638978368379695,1.8767776580221425,-0.09857042807119674,1.1710140911510822,coconut
-1.5602872538550059,-1.105770323406373,-0.6618711805199412,0.5375190242762408,1.6157858969727805,-0.2377904106581918,0.6058231526648946,coconut
-2.3989259283269253,-1.1511557413757694,-0.5680951560767645,1.6823352658849102,1.4872129678114476,-0.35272031923580544,1.0152270245250272,coconut
-2.2242095378119418,-1.0149994874675803,-0.9431992538494713,0.14198159669730492,1.094730381837482,-1.037030177655606,0.9758070242052157,coconut
-1.8048902005759824,-0.9242286515287875,-0.9431992538494713,0.45057859639557746,1.0807420434341353,-1.3186840740303625,0.20032082519174688,coconut
-1.5952305319580025,-1.378082831222751,-0.8494232294062947,0.8508096410812082,1.2184116691038676,-0.7941072165495028,-0.2211668124035373,coconut
-2.4688124845329185,-1.9227078468555074,-0.09921503386088094,0.6889860817207749,1.4932543193473315,-0.07476577225681581,-0.13611740498428773,coconut
-1.5602872538550059,-0.8334578155899948,-0.4743191316335878,1.4168309299984374,1.0065418850585095,-1.0085981287790091,-0.10782667497060332,coconut
-1.7000603662669924,-1.8773224288861112,-0.19299105830405766,0.3488708533135643,1.083222903530475,-0.7650801846127139,-0.3568166682266035,coconut
-2.5037557626359153,-1.0149994874675803,-0.4743191316335878,-0.0348561782122507,1.4250529713576585,-1.3180686756424425,0.6379278211488256,coconut
-1.1759111947220429,-1.9227078468555074,-1.036975278292648,0.14273586630181015,1.6113739071541708,-0.2118808067207404,0.6107807864373981,coconut
-1.630173810060999,-1.6503953390391293,-0.9431992538494713,1.2626715125368222,1.4893166196119842,0.2973755192688158,-0.3448160995946918,coconut
-1.1060246385160495,-1.9680932648249039,-0.38054310719041107,0.33574219311105413,1.5894562502662972,-0.530265923645452,-0.19763385728436017,coconut
-2.5037557626359153,-1.3326974132533547,-0.4743191316335878,0.13097345526694126,1.362757453119038,-0.0015017746159618278,0.3980433800282687,coconut
-1.5952305319580025,-1.7865515929473184,-0.38054310719041107,0.2908455447753986,1.3973963085797865,0.3594765349967205,-0.1870791425378439,coconut
-1.2807410290310328,-0.8334578155899948,-0.19299105830405766,1.1617105854359229,1.463138204372187,-0.23871532119827543,0.4609762343241034,coconut
-1.839833478678979,-0.8334578155899948,-0.5680951560767645,1.631924934997341,1.0719585084329657,-0.8117352874239957,1.1782899822999149,coconut
-1.4205141414430194,-1.605009921069733,-0.2867670827472344,1.681627475740895,1.4436895615441883,0.12671615928463129,-0.11695686568835219,coconut
-1.9097200348849723,-0.8788432335593911,-0.9431992538494713,0.3622612840279277,1.255238769967138,-0.36528535973949977,0.68037211859339,coconut
-2.4338692064299217,-0.8334578155899948,-0.5680951560767645,0.31039363626960936,1.4033954698508118,0.1059644268895187,0.9194904484007235,coconut
-1.455457419546016,-1.605009921069733,-1.036975278292648,0.7366260009170644,1.0797709909845723,0.2553160382000695,0.1642907962657278,coconut
-2.2242095378119418,-1.5142390851309402,-0.2867670827472344,1.4122824138020318,1.7258017969388626,-1.4023579267436463,0.9932980160657842,coconut
-1.8747767567819755,-1.6503953390391293,-0.09921503386088094,0.3615059167753994,1.5583931854207342,0.11991012689456002,-0.40402183265867286,coconut
-2.2242095378119418,-0.9242286515287875,-0.5680951560767645,0.13033249927933757,1.3579143066689194,-0.46752585197073143,-0.33990438856516664,coconut
-1.1060246385160495,-1.1965411593451656,-0.6618711805199412,0.8875735927270044,1.909871373957219,-0.9772415637484362,0.3285834220523075,coconut
-1.5602872538550059,-1.7411661749779221,-0.2867670827472344,0.9814336975687682,1.6657403512571995,0.35118587713510346,-0.019442493487091952,coconut
-1.7699469224729858,-1.2873119952839585,-0.4743191316335878,0.1615383877937431,1.884667698881142,-0.7588623071403576,0.17963534077341278,coconut
-2.3989259283269253,-1.7865515929473184,-0.09921503386088094,0.6495772915423578,1.8966609291913483,0.08323654641392834,1.1918429407066966,coconut
-1.735003644369989,-1.468853667161544,-0.8494232294062947,1.4888963952979335,0.9608461864421254,-0.48368656502773283,0.5705952993157574,coconut
-1.5602872538550059,-1.8319370109167148,-0.5680951560767645,0.4751333163879481,1.7454247162704957,-0.4807747323075206,1.1172646227426932,coconut
-1.735003644369989,-1.8319370109167148,-0.2867670827472344,1.212978249885667,1.5093506931711427,-1.1037651436446008,0.8245152430573554,coconut
-1.5253439757520093,-0.9696140694981839,-0.38054310719041107,1.4003453061512574,1.2275723293222023,-0.9240508284444978,0.6187808450895019,coconut
-1.7000603662669924,-1.241926577314562,-0.9431992538494713,0.4784287598276104,1.2714902623605249,-0.6751462890561533,-0.10135835998363239,coconut
-1.2108544728250394,-1.9680932648249039,-0.19299105830405766,0.23368956976224056,1.3097142376788733,-0.8978344327013944,-0.04716895291607054,coconut
-1.839833478678979,-1.0149994874675803,-0.6618711805199412,0.655139737849294,1.7946618383127764,-1.0932836667218857,0.19226798263354697,coconut
0.6061959885307856,-0.061905710110256515,0.18211303946864918,0.13348629791666997,-0.8007761946745737,-0.49143320268431423,-0.05625523828266105,jute
-0.4071590764561169,-0.5157598898042202,0.2758890639118259,0.5289215144401145,0.24436602814221334,-0.4351344205759927,0.10215745025691972,jute
-0.3023292421471269,-0.3342182179266347,0.8385452105708862,0.04935612338386358,0.6299889897922863,1.5441146403513293,0.7009090420750438,jute
0.5013661542217958,-0.3796036358960311,0.2758890639118259,0.2062867016073693,0.7549082093720084,-0.11877706921575588,0.3452205003595495,jute
0.8507989352517621,-0.3342182179266347,0.3696650883550026,-0.5861024053513796,-0.8246148583969564,-0.33225727815893097,0.5959651421523083,jute
0.9905720476637486,-0.6065307257430129,-0.005439009417704233,0.05403056873288007,-0.8237317197627366,0.13444713494622765,0.5982253335085583,jute
-0.3023292421471269,-0.5157598898042202,0.6509931616845327,-0.6477349635328112,0.45399434758657226,0.7076886766684113,0.5167665551940991,jute
-0.05772629542615048,-0.243447381987842,0.3696650883550026,-0.3000284199480691,0.8173417495737823,-0.17441951135748507,0.2353493663219126,jute
-0.1625561297351404,0.3011776336449144,0.7447691861277095,0.41506540725410146,-0.5175372976080949,1.7803514897971109,0.4579350753917185,jute
0.08204681698583607,-0.3796036358960311,0.3696650883550026,-0.009750064377623806,0.2618514523681408,0.20635587450312293,0.2391073289389393,jute
0.6061959885307856,0.21040679770612167,0.7447691861277095,-0.10301292261432855,-0.8331664114495337,1.903800267123459,-0.08396272204294825,jute
0.08204681698583607,-0.10729112807965288,0.8385452105708862,0.2197627080764599,0.7746075649607146,-0.45051139743898544,0.579076810556514,jute
0.6061959885307856,-0.3342182179266347,0.18211303946864918,-0.7551065518660467,-0.5628077919330746,0.1308771129329502,0.7552591381244022,jute
-0.4071590764561169,0.3011776336449144,0.3696650883550026,-0.06293853870014053,0.8322976266889768,1.3729037064726661,-0.06291387861732713,jute
-0.1625561297351404,-0.243447381987842,0.18211303946864918,0.019100023027849782,-0.9342798498320211,1.8666486984851536,0.6880397764019339,jute
-0.05772629542615048,-0.47037447183482384,-0.09921503386088094,-0.2845571192880771,-0.11463371719191369,1.3479630459568246,0.15331494251467848,jute
0.08204681698583607,0.028865125828536214,0.18211303946864918,-0.6862584672072011,-0.8787335717737064,2.2098009338203446,0.15716247766697902,jute
0.6411392666337823,-0.3796036358960311,0.2758890639118259,0.20839306220334236,0.1388146031690111,0.6432186391803904,0.6220410010430839,jute
0.36159304180980917,-0.6065307257430129,0.7447691861277095,0.6681722055190825,-0.2180559148500437,-0.061403646586026664,0.2475741328517507,jute
0.047103538882839434,-0.15267654604904926,0.08833701502547248,-0.5414256500305813,-0.5672817007497137,0.8544895521634706,0.4411773817633356,jute
0.46642287611879907,0.21040679770612167,0.18211303946864918,-0.09788476297218603,-0.6450422371869758,0.57323411563445,-0.022201576362622114,jute
0.32664976370681253,0.3465630516143108,-0.005439009417704233,-0.6558680755489505,-0.7659202830757014,1.4998414300305152,0.33132506091988173,jute
0.43147959801580243,0.3011776336449144,0.18211303946864918,0.6341581402882133,-0.06394263687328984,1.2436202986728317,0.3027916363008924,jute
0.2917064856038159,-0.15267654604904926,0.557217137241356,-0.7498384754755552,-0.5321009086685917,2.0141066576779036,-0.05597513053678456,jute
0.15193337319182934,0.255792215675518,0.8385452105708862,-0.3225283465518682,-0.27481492795931234,-0.1748584054445444,0.5038257787352937,jute
0.15193337319182934,0.3465630516143108,0.2758890639118259,-0.2855833571478793,0.9235998023508929,0.5061585480786526,0.7093213933331568,jute
0.32664976370681253,-0.3796036358960311,0.8385452105708862,0.22183704404974203,0.031366216274094055,0.28175927374655696,0.3265784899967215,jute
0.15193337319182934,-0.1980619640184456,0.8385452105708862,0.11986906567980009,0.3949551503437501,0.8513246781205743,0.2297319083365687,jute
-0.09266957352914712,-0.061905710110256515,0.3696650883550026,0.07657814661060017,-0.4106136608067209,-0.2593827119410669,0.48431237865476995,jute
0.36159304180980917,-0.3796036358960311,0.8385452105708862,0.38877784590442555,0.12347418631250616,0.7180090057917942,0.42163610038009863,jute
-0.09266957352914712,0.39194846958370716,-0.09921503386088094,-0.3178857255789433,-0.1855151908586462,-0.1563186602614224,0.5250440272231396,jute
0.32664976370681253,-0.5611453077736166,0.18211303946864918,-0.5188511723597867,0.7371355598124176,0.11284921294739975,-0.08283305539907346,jute
-0.1625561297351404,0.5281047234918963,0.18211303946864918,-0.13579324630175638,-0.1867896445415007,1.6172317010939066,0.11972066034427459,jute
0.012160260779842794,0.11963596176732895,0.3696650883550026,-0.7260368532742616,-0.619854251267446,2.090338617006721,0.7491728870225611,jute
-0.23244268594113365,-0.42498905386542746,0.8385452105708862,-0.5550042865897111,-0.933555490114454,0.9005194426094781,0.49508052905543737,jute
0.2218199293978226,0.07425054379793258,0.6509931616845327,-0.015034720444823521,0.5164403231944478,0.13758618933664465,0.07380580076459206,jute
0.18687665129482597,0.16502137973672532,0.46344111279817934,-0.4724447944603393,0.29543006606253286,-0.3191036335893995,0.21176112078885045,jute
0.6061959885307856,0.16502137973672532,0.557217137241356,-0.7677538526200175,0.09870983889639065,-0.23902987217409022,0.7014802449054647,jute
-0.33727252025012355,0.028865125828536214,0.08833701502547248,-0.3512749695064746,0.2356867216462118,2.193860212421697,0.18491094562214977,jute
0.6411392666337823,-0.016520292140860152,0.8385452105708862,-0.4078960969796501,-0.8921704947727148,0.4298658191909789,-0.026603234212590435,jute
-0.19749940783813702,-0.061905710110256515,-0.005439009417704233,-0.11506999281072933,-0.5865118399164848,0.5451282664901848,0.34461610026357514,jute
0.2917064856038159,0.16502137973672532,0.2758890639118259,0.4651769739248682,-0.35035272865289735,1.6236943570182623,0.7108136760019281,jute
0.6061959885307856,0.16502137973672532,0.8385452105708862,-0.100663707393527,-0.3351724659088646,1.6996319570341385,0.6982863125462664,jute
0.18687665129482597,0.11963596176732895,0.7447691861277095,-0.7078667068323579,0.22090387974205022,1.5484787744257213,0.18625636995169872,jute
0.7809123790457688,-0.5157598898042202,0.46344111279817934,-0.14880127646997837,0.6469622146634719,0.3468805541882888,0.40537697162953584,jute
0.11699009508883271,-0.3342182179266347,-0.09921503386088094,-0.07204965139544832,-0.17734737608286624,1.0620523000824085,0.1934567121463117,jute
-0.4071590764561169,0.3011776336449144,-0.005439009417704233,0.3571998806685168,0.004912396324810984,1.563127462157414,-0.07748371420235677,jute
-0.33727252025012355,0.3465630516143108,-0.09921503386088094,0.3016817300016411,0.11887379955389328,-0.06804696915961495,0.13772937215029143,jute
0.43147959801580243,-0.3796036358960311,0.557217137241356,0.41470945038378404,-0.6923705854799301,0.7846365544618736,0.5327627697252066,jute
0.9905720476637486,0.3465630516143108,0.3696650883550026,0.4540159887157367,0.28060421483587766,2.110331909157233,0.35440997734863783,jute
0.11699009508883271,0.3465630516143108,0.7447691861277095,0.04075871737930765,-0.654416086965858,-0.2969480878345694,0.21717973028454993,jute
0.2218199293978226,-0.10729112807965288,0.557217137241356,-0.7675099263050605,-0.19370702806711973,1.4958897975904664,0.0029490528200535895,jute
0.36159304180980917,-0.016520292140860152,-0.005439009417704233,0.23317569990759457,0.12975653236317328,0.1441966931844116,0.6436517913294442,jute
0.9905720476637486,0.43733388755310354,0.46344111279817934,-0.7382006511994336,0.7272887316153684,0.7018917455424295,0.09157518931136473,jute
0.571252710427789,0.07425054379793258,0.3696650883550026,0.17333564173676302,-0.04788816400519411,1.4166236608665668,0.45776046606787857,jute
-0.1625561297351404,-0.3342182179266347,0.3696650883550026,0.25367332368954193,0.7208441144130403,1.928181063597935,-0.043859057760992734,jute
0.012160260779842794,-0.2888327999572384,0.6509931616845327,0.5202526352329491,0.045231872940552365,0.14545913399099025,0.4414001766261795,jute
0.6061959885307856,-0.3796036358960311,0.6509931616845327,0.40071582870699973,-0.7300640108383665,1.5479634124165504,0.5882967295142749,jute
0.6061959885307856,0.39194846958370716,0.6509931616845327,0.6491067454101404,-0.7078779483719573,1.3201835565652742,0.3725472758813907,jute
-0.3722157983531202,-0.3342182179266347,0.7447691861277095,-0.29480627419405764,0.16339437428510092,0.4821273288597328,0.07971724452678557,jute
0.25676320750081927,-0.15267654604904926,0.6509931616845327,0.20554658647076698,-0.12570696593517883,1.633436308833014,0.5409493558833592,jute
0.43147959801580243,-0.3796036358960311,0.6509931616845327,-0.05679026726080366,0.771149253404852,1.7374749955683462,0.2404266710324735,jute
0.9206854914577554,-0.243447381987842,-0.09921503386088094,0.090162375241409,-0.39105405130726706,1.9041943736874123,0.5657223215321892,jute
0.11699009508883271,-0.5611453077736166,0.7447691861277095,-0.698604938237787,-0.6026027110022352,0.6192836813139128,-0.02481400737695244,jute
0.6061959885307856,0.43733388755310354,-0.09921503386088094,-0.4369096338170754,0.16117919283316062,-0.31993151540656906,0.20049930851715958,jute
0.6760825447367789,-0.3342182179266347,0.08833701502547248,-0.2518494109505243,0.270233714612795,-0.2549564408609075,0.6265544616645251,jute
0.18687665129482597,-0.016520292140860152,-0.005439009417704233,0.26044280457690194,0.35756918241095903,1.9771723494409623,-0.006292845892371626,jute
-0.19749940783813702,0.43733388755310354,-0.09921503386088094,-0.5934483665298735,-0.09565134589245987,1.9072253688589687,0.5085547753324022,jute
-0.33727252025012355,0.48271930552249986,0.46344111279817934,-0.3485198173476596,-0.5421430127169193,1.6409216586619457,0.630980260518615,jute
0.36159304180980917,-0.6065307257430129,-0.09921503386088094,0.12205673010306503,0.6381562367011377,1.8662330964558882,0.3607597824133131,jute
-0.3722157983531202,-0.3342182179266347,-0.09921503386088094,-0.07154497805125482,-0.09440534615462018,1.0368371155074643,0.6862222113040259,jute
0.9556287695607519,0.39194846958370716,0.18211303946864918,-0.13293060621875136,0.16140232739544347,0.1518681885422814,0.019475149190581253,jute
-0.05772629542615048,-0.2888327999572384,0.6509931616845327,-0.7403823972232298,-0.3688902891022427,0.428352990126928,0.03233581556181645,jute
0.6411392666337823,0.48271930552249986,-0.09921503386088094,-0.3387080566370213,0.9210073060670116,1.5010079622568595,0.33786753875041803,jute
0.047103538882839434,-0.243447381987842,0.557217137241356,0.526162631761333,-0.2378705816343035,0.06895653655259829,-0.006550068426685317,jute
-0.1625561297351404,-0.10729112807965288,0.7447691861277095,0.6156366426477583,-0.21869602989590622,1.4920990183667748,-0.02184815537946668,jute
0.43147959801580243,-0.5157598898042202,0.557217137241356,0.12312472679521161,0.06773597411897608,0.76063424256146,0.24909235051401354,jute
0.012160260779842794,-0.3342182179266347,-0.005439009417704233,-0.3952930729735873,0.012784501971834714,-0.15462320066161933,0.3664055041934438,jute
-0.022783017323153843,0.3465630516143108,0.08833701502547248,-0.7327742242487136,0.563716069025641,0.39773710126002926,0.35359821577572786,jute
-0.2673859640441303,0.21040679770612167,0.18211303946864918,0.4000312300857179,-0.18871834445794156,1.0593788886407989,0.4771947444474282,jute
-0.23244268594113365,0.255792215675518,0.2758890639118259,-0.5242770282368738,-0.9083564283463071,1.5489116404722154,0.08255821116994248,jute
-0.4071590764561169,0.43733388755310354,0.08833701502547248,0.36118353829304645,-0.12926758736835783,-0.3736414022932942,0.27550173403036937,jute
0.5013661542217958,-0.42498905386542746,0.6509931616845327,0.36379837691858585,-0.8996495270361529,0.2896238155123808,0.6412641201040505,jute
0.6411392666337823,0.07425054379793258,0.7447691861277095,0.6495838329312443,-0.6797695518498938,-0.03522239895636589,0.2752035966913277,jute
0.6760825447367789,-0.47037447183482384,-0.005439009417704233,0.5037968629620377,-0.3194273417271866,1.8448532095025525,0.04474736177168016,jute
0.5363094323247923,-0.016520292140860152,0.18211303946864918,-0.5002175514572116,0.0487495290340452,1.616727805999909,0.59406961129186,jute
0.012160260779842794,-0.3342182179266347,-0.005439009417704233,0.4982677465889534,0.625648038074035,-0.37619413836357396,-0.03775391899748607,jute
-0.022783017323153843,0.255792215675518,-0.09921503386088094,0.5468972473926947,-0.9270018053206115,1.888055716167063,0.7467847909940245,jute
0.36159304180980917,-0.10729112807965288,0.46344111279817934,-0.6822132337536094,-0.06307832972294654,0.5617353127636417,0.5432523034221053,jute
-0.022783017323153843,0.16502137973672532,0.6509931616845327,0.48607078560209566,-0.6333348736303448,0.836556418794511,0.4237953798343039,jute
0.2917064856038159,-0.243447381987842,0.6509931616845327,-0.5106882050591081,-0.5936237633143837,-0.4695264049780289,0.29504965317427406,jute
0.18687665129482597,0.3011776336449144,0.6509931616845327,0.12411454202369601,-0.43411912152205956,0.7106009639919847,0.6516459535108277,jute
0.8158556571487654,0.39194846958370716,0.46344111279817934,-0.7103061813533312,-0.6634559928717176,0.2942780138071612,0.5002282326167727,jute
-0.3023292421471269,-0.061905710110256515,-0.09921503386088094,0.6753136073805917,0.8419690582868677,2.1093403974063794,0.6544162877461029,jute
0.7459691009427721,-0.243447381987842,0.18211303946864918,-0.5747697123922408,0.5572560040835165,1.299355005294254,-0.08420548096107915,jute
0.5363094323247923,-0.1980619640184456,0.6509931616845327,-0.47832083064891473,0.620758458484117,0.8109150835739171,0.3774795027025566,jute
0.571252710427789,0.16502137973672532,0.2758890639118259,-0.4582834254662761,0.745719417749256,1.1045514462455133,-0.009308966825949993,jute
0.6411392666337823,-0.42498905386542746,0.08833701502547248,-0.12990368605123734,0.1217271021643692,1.069755183074721,0.602132791290692,jute
0.6411392666337823,-0.42498905386542746,0.6509931616845327,-0.2659872027617409,0.18033128303987453,0.9029637375940751,0.6051766479769027,jute
0.43147959801580243,-0.47037447183482384,0.6509931616845327,0.5226793347625871,-0.647184251770619,1.798051115240591,0.06958313566531979,jute
